id,description
16071,30% OFF on Min. 6 Products
48273,Get 25% off on Min. 5 Products
48274,Avail 20% OFF on Min. 4 Products
48275,Get Flat 15% OFF on Min. 3 Products
48276,Flat 10% Off on Min. 2 Products
48277,Get 5% OFF on Wedding Apparels
48278,Avail Up To 70% discount on Traditional Sarees
48279,45% Off on VPS Hosting
48280,"Dedicated Servers Starting at Rs.7,699 Per Month only"
22165,"Chance to win a BookMyShow voucher worth INR 500 free on Booking 4 Or More Tickets (Mumbai , Delhi/NCR , Mohali and Bengaluru)"
48282,chance to win a free roundtrip ticket to Colombo on International flights (Travelling Between 11 July 2016 â€“ 31 December 2016)
48283,The Etihad - USA Sale Starting for just Rs.42743
48284,Get Upto 20% off on Singapore Fares
48285,Up to Rs.1200 Cash back on Domestic flights (Only on Thursday)
48286,Get Upto Rs.1200 Cash back on Domestic hotels
48287,Flat Rs.1000 Cash Back on Domestic/ International Roundtrip Flight And Hotel With MasterPass
48288,Everyday Bras at Rs.99 only
48289,Croma Terrific Thursdays - Free Couple Movie Tickets on Payment via ICICI Bank Credit/Debit Cards only (Min. Purchase Of Rs.15000)
48290,Deal OF The Day - Samsung 6.2 KG Washing Machine just for Rs.16990
48291,20% off on spending Rs.400 and above
48292,Great Prices on Speakers and Home Theaters
48293,Keyboards and Mouse Starting for Rs.150
48294,Best prices on 32&quot; Inches LED TV'S
48295,Get 45% Off on Portable Hard drives
48296,Best Asus Zenfones Starting @ Rs.9272.00 only
48297,Up to 60% Discount on Southeast Asia Hotels
48298,Night Wear For Women Rs.850 onwards
48299,Rs.400 Discount on  Premium Clothing (On min. order of Rs.1100)
48300,Mobile Charging Cables Max. price of Rs.299
48301,"Avail 40% OFF on on Fiction, Self-help, Academic And More Books"
48302,Bombay Dyeing & Raymond Bedsheets All products under Rs.699
48303,Front Load Washing Machines Maximum Rs.25000
48304,Get 30% Off on Glucometers
48305,32inch Televisions Starts for Rs.13990
48306,Flat 20% OFF on Kids Rakhi Gifts
48307,Get 15% discount on Rakhi Thali
48308,15% off on Rakhi Gift Hampers
48309,Avail 10% Off on All Rakhi Gifts
48310,Get Flat Rs.666 discount on Economy Class Travel (Travelling Between 26th JUL 2016 till 30th SEP 2016)
48311,Avail Rs.500 cashback on Min. Transaction Of Rs.5000
48312,Moto G Turbo Edition at just Rs.8699
48313,30% OFF on HealthViva Green Cofee Extract
48314,"MuscleBlaze Whey Protein, 4.4 lb Rich Milk Chocolate just Rs.4049"
48315,Buy 1 Get 1 Free + Free Shaker on HealthKart SlimShake
48316,Product Of The Day - Get Upto 25% Off + Additional 5% Off on Weight Gainer
48317,Get Upto 40% discount on Mass Gainer Products
48318,Upto 30% Discount on Whey Protein Protein
48319,Spice Dragon Trail 3G Android for Rs.2999 only
48320,Spice Dragontrail Android Phone - 415 just @ Rs.2499
48321,Complete Casual Shirts & T-Shirts Combo By Henry Hudson just @ Rs.1299
48322,Avail Additional 15% off on Shoe Island Men's Synthetic Leather Formal Shoes - Black
48323,Additional 15% Discount on ABZ Men's Fabric Sports Shoes - Black
48324,Get Additional 15% Discount on ABZ Men's Fabric Sports Shoes - Blue
48325,"Additional 15% Off on Shoe Island Men's Casual, Formal Shoes & Accessories"
48326,Get Extra 15% discount on Shoe Island Men's Synthetic Leather Casual Shoes - Tan
48327,Get Additional 15% OFF on Columbus Men's Mesh Sports Shoes - Set Of 2
48328,Get Extra 15% off on Oleva Women's Satin Nightwear - Set of 8
48329,Avail Extra 15% Off on Surat Tex Women's Semi-Stitched Lehenga Choli
48330,Additional 15% Discount on Fab Fiza Women's Cotton Dress Material - Blue
48331,Get Additional 15% Discount on RadadiyaTRD Women's Semi-Stitched Salwar Suit - Black
48332,Extra 13% Off on X-Cross Men's Cotton Polo T-Shirt - Set Of 4
48333,Additional 15% OFF on Triveni Faux Georgette Saree - Set Of 3
48334,Additional 15% Discount on Shonaya Women's Unstitched Salwar Suit - Black & Orange
48335,Ishin Georgette Saree - Yellow for just Rs.337
48336,George Adam Men's Synthetic Leather Boots - Black for just Rs.399
48337,ABZ Men's Fabric Sports Shoes - Blue at just Rs.331
48338,George Adam Men's Faux Leather Formal Shoes & Casual Shoes Combo just Rs.722
48339,Bachini Men's PU Sports Shoes - Set Of 2 just at Rs.849
48340,Shoe Island Men's Synthetic Leather Boots - Tan at Rs.467 only
48341,ABZ Men's Fabric Sports Shoes - Grey Rs.424 only
48342,"Sofa Cum Beds Starts for Rs. 10,490"
48343,Leatherette Sofa Sets Starts from Rs. 6990 only
48344,Sofa Sets Starting at Rs. 4290
48345,"Recliners Offer Rs. 14,290 onwards"
48346,Single Beds Starting from Rs. 5490 only
48347,Queen Beds Starts from Rs. 6990
48348,Bookshelves Offer Starting @ Rs. 1290 only
48349,Shoe Racks Starting at Rs. 2490
48350,Get Up To 50% Off on King Beds
48351,Get Upto 70% OFF on MEN'S LIFESTYLE PRODUCTS
48352,WOMEN'S LIFESTYLE PRODUCTS Starting for Rs.60
48353,Men's Clothing Maximum Rs.999
48354,Women's Clothing Everything under Rs.999
48355,Men's Summer Shoes Max. price of Rs.295
48356,Women's Summer Shoes Everything below Rs.195
48357,The Boho Dresses For Women Rs.540 onwards
48358,Novelty Accessories For Women's Starting for Rs.100 only
48359,Tasselled Sandals For Women's Starting at Rs.595
48360,Women's Espadrilles Footwear Starting @ Rs.500 only
48361,Get Up To 60% off on All Linen Collections
48362,Get Up To 55% OFF on Nike Sportswear
48363,Get Up To 75% off on Sunglasses
48364,Up To 70% off on Watches
48365,Avail Up To 70% OFF on Jeans
48366,Apparels And Accessories Starts at Rs.290
48367,Fashion Apparels & Accessories Starts @ Rs.299
48368,Avail Up To 75% Discount on Sportswear Products
48369,Get Up To 86% Off on Fashion Clothing
48370,"Up To 80% OFF on T-Shirts, Shorts And Skirts"
48371,Up To 55% off on Pepe Jeans
48372,All Products Everything below Rs.600
48373,All Products All products under Rs.799
48374,Gerua Women's Clothing Starting from Rs.499 only
48375,Avail Up To 49% Discount on Wildcraft Backpack
48376,Get Up To 40% Discount on Apparels & Accessories
48377,Get Up To 65% OFF on Apparel And Accessories By Roadster Brand
48378,Flat 50% discount on Casual Wear Products
48379,Get Flat 25% discount on products listed at landing page.
48380,"Red Necklace Set With Maang Tikka for Rs.2,095 only"
48381,Women's Apparels Max. price of Rs.999
48382,Get Up To Rs.170 Discount on Bus Bookings (Upto Rs.120 Off on using promo-code and upto Rs.50 off on payment via freecharge)
48383,Avail Flat 72% Discount on Combo Of 6 T-Shirts For Men
48384,Get Flat 23% Discount on VOX v105 tablet
48385,Get 80% off + Additional 10% off on  Sports And Health Products
48386,Avail 80% discount + Additional 80% discount on footwear
48387,83% Off on Water Spray Gun 10 Meter
48388,Flat 71% Discount on Mocc Horn Bike & Car Horn Set With 18 Tunes
48389,Get 83% Off on Reliable 12000 mAh Dual USB Powerbank
48390,Avail Flat 76% off on Estrella Young Gym Bag
48391,63% off on Godrej Aer Click Air Freshener
48392,Avail 40% Off + Extra 20% Off on products listed at landing page
48393,Get Upto 70% Off on Hand Bags and Wallets
48394,"Clearance sale - Up to 60% Discount on TV, Audio and Large Applainces"
48395,Budget Thursday - Men's Apparel Max. price of Rs.199
48396,Phone tabulous Thursday on Selected Mobile Brands
48397,Cnavas Shoes Starts for just Rs.199
48398,Up to 80% Off on Gunmetal Watches
48399,Women's Fashion Apparels Starts @ just Rs.99
48400,Up to 35% Discount on Air Conditioners
48401,Furnishing Essentials All products under Rs.199
48402,Apparels And Accessories For Women Everything below Rs.399
48403,AURELIA Women's Indianwear Starts for Rs.299 only
48404,Avail Upto 70% Discount on Home Electronics Products
48405,2016  Fashion Sale - Get Flat 40% off on Bags
48406,Personal Care Appliances Starting for just Rs.259
48407,Kitchen Appliances Starting @ Rs.149
48408,Get Up To Rs.150 Off on Food Orders
48409,Win 1st Day Tickets For Kabali on products listed at landing page.
48410,10% OFF on Rakhi + Free Shipping
48411,Flat 10% discount + Free Shipping on products listed at landing page.
48412,Get Flat 10% Discount + Free Shipping on products listed at landing page.
48413,10% Discount + Free Shipping on products listed at landing page.
48414,Get Flat 10% discount + Free Shipping on products listed at landing page.
48415,Flat Rs.666 off on Air Costa domestic flight bookings
48416,Get 20% cash-back on Women's Lingerie (Max. Rs.200 cashback)
48417,Get Up To 80% off + Additional Rs.100 off on products listed at landing page.
48418,Flat 10% Off on Mini. Food Order of 1000 & 15% Off on Mini Order of 3000
48419,Buy 1 Get 1 Free on Men's Apparel
48420,Get 5% Cash back on Prepaid recharges on the Airtel Money app (for all operatoRs. on Min. Recharge of Rs.100)
48421,Rs.25 Cash-back on DTH recharges on the Airtel Money app (for all operatoRs. on Min. Recharge of Rs.250)
48422,Participate In Citizen Of Fashion 20 Lucky Winner Win Amazon Gift Card Worth Rs.1000
48423,Get Upto 50% discount on Home And Kitchen Appliance
48424,OnePlus 3 Smart Phone just @ Rs.27999
48425,All-New Kindle Tablets Rs.5999 only
48426,Extra 5% Cashback on all products (On order of minimum Rs.5000. on Payment via HDFC Bank Debit Cards only. Maximum cashback of Rs.500)
48427,Get Flat 15% discount on Rakhi Gifts (On min. shopping of Rs.899)
48428,Rs.50 Discount on Rakhi Catalogue (Min. Purchase of Rs.499)
48429,Get Flat 15% off on Rakhi Gifts For Brother
48430,Rs.100 off on Rakhi Catalogue (On cart-value of minimum Rs.699)
48431,Avail Flat 10% OFF on Rakhi Chocolate Hampers (On min. purchase of Rs.499)
48432,Mid Week Sale - Avail Up to 70% Discount on products listed at landing page
48433,Women Accessories at just Rs.299
48434,Get 4% Discount on all products (On min. cart-value of Rs.1500)
48435,Avail 51% Discount on Hosting Purchase Of First 3 Months
48436,Get 51% off on Hosting Purchase Of 1 Year
48437,Additional 5% off on Diamond Jewellery (On purchase of minimum Rs.10000)
48438,Bouquets Offer Starting at Rs.499
48439,Avail Free 2 movie tickets per month or Rs.500 Off on Booking With SBI Signature/Elite Credit Card
48440,Flat 30% off on Booking 2 movie tickets Digibank Debit Card
48441,Up to Rs.1200 Instant Savings on Domestic Flights (On Payment via HSBC Credit Cards only)
48442,Get Flat 50% Off on Indo-Asian Food Fest on Selected Restaurants (Using Mobile App only)
48443,Up To Rs.1500 Discount on Domestic flights
48444,The Grand Ethnic Sale - Flat 50% discount on Women's Apparels
48445,The Grand Ethnic Sale - 50% OFF on Women's Ethnic Fashion Apparels
48446,The Great Ethnic Sale - 50% Off on Selected Brands
48447,The Grand Ethnic Sale - Get Flat 50% off on Women's Apparel
48448,HTC 10 LIFESTYLE 32GB ROM AND 3G RAM Starts @ Rs.46990 only
48449,LOWEST PRICE CHALLENGE on Air Conditioners listed at landing page
48450,"8 Cars 8 Lucky Customers on Purchase of Fully Automatic Washing Machine, RO â€“UV Water Purifiers, Convection Microwave, Room Air Purifier products."
48451,5% Cash-Back on all products (On spending minimum Rs.20000. on Payment via SBI Credit/Debit Cards and TATA Cards only. Max. cashback of Rs.2500 will be offered)
48452,SKULLCANDY GRIND BLUETOOTH HEADPHONES (WHITE) just for Rs.5499
48453,SuperPro Laptops Starting at just Rs.51490
48454,High performance Laptops Starts for just Rs.30500
48455,Latest Laptops Starting @ Rs.13999
48456,Buy 1 Pizza  Get 1 Free on online ordering only
48457,"End Of Season Sale on Men's Apparels, Footwear And More"
48458,Get Up to 40% discount only on Mobile App
48459,Get Flat 10% Cash back on Breaskfast
48460,Get Flat 20% cash back on All Order
48461,Flat 10% cash back on Chai & Snacks
48462,Get 50% Cashback on Your 1st Order
48463,Up To 60% Discount + Extra 10% Discount on Women's Apparels
48464,Get Flat 20% OFF on order-value of Rs.3000 and above (Max. Rs.2000 discount will be applied)
48465,"Rs.300 Discount on shopping of Rs.1299 and above (Not on Diapers, Super Savers, Combos, Gift Certificate, Formula & Supplements, Bottle Cleaning & Sterilization, Bottles & Accessories & certain brands)"
48466,"Get 20% off + 20% cash back + Extra 5% cash back on Baby Gear & Nursery Range (Maximum Rs.2000 discount will be applied. Maximum cashback of Rs.300 will be offered. Not on Diapers, Combos, Bottles & Accessories, Formula & supplements and Few brands. Extra Cashback on Payment Via PayTM Wallet. Max. PayTM Cashback Is Rs.75)"
48467,The Rs.99 Store on Select products (Max. once per user)
48468,Intex 11000 mAh Power Bank just at Rs.899
48469,Strontium Nitro 16 GB MicroSDHC Memory Card at just Rs.259
48470,"Exciting Deals, Exchange Offer And More on Samrtphones"
48471,Up to Rs.5500 off on Swipe Elite Plus
48472,Get 20% off on Routers
48473,"Bedsheets,Curtains & More All products under Rs.549"
48474,Men's T-shirts And shirts Starts from just Rs.289
48475,HP 1 TB Wired External Hard Disk Drive just Rs.3999
48476,"Flat Rs.2500 Off on  LG, Vu, Micromax, Infocus Televisions"
48477,"Earrings, Necklaces, Bracelets And More All products under Rs.199"
48478,Sunglasses Offer at Rs.149 only
48479,"Get Flat 40% OFF on Fiction, Academic, Self-help And More Books"
48480,Enew Two Wheeler Cover just Rs.189
48481,intel Powered PC And Laptops Starting from Rs.20990 only
48482,Voltaa Selfie Stick at Rs.249 only
48483,Get Flat 15% cashback on Payment via Paytm Wallet
48484,Avail Flat 15% OFF on all products
48485,Get Up To 50% discount on Rakhi Gifts
48486,Qatar Airways Offer - Get Up to 8% off on Fares to Europe (Travelling Between 25th July '16 to 31st Mar '17)
48487,Happy Flying Sale - Get Flat Rs.666 off on Economy Class Travel
48488,Get Flat 25% discount on Apple Cider Vinegar
48489,Product Of The Day - Up To 67% OFF + Extra 10% OFF on Garcinia Cambogia Products
48490,Get 25% Discount on Whey Protein Products
48491,Rs.500 off on Intex Aqua 4G
48492,Get Flat Rs.500 OFF on Panasonic P55 NOVO
48493,Rs.500 OFF on Micromax Canvas Nitro 2 E311
48494,Get Flat Rs.350 Discount on Reach Allure mobile
48495,Super Combo â€“ Pack of 2 Stylish Sarees By Alveera just Rs.1299
48496,Get Flat Rs.300 Off on Lenovo A1000
48497,Get Flat 10% discount on All Products
48498,High Voltage Sale - Up to 75% off on all products
48499,Parents Day Offer - Upto 83% off on products listed at landing page
48500,"Flat 10% Off on Men's Apparel, Women's Apparel, Fashion Accessories and More"
48501,"Upto 70% Off + Extra 10% Off on Women Apparels, Accesories and More"
48502,Get Flat 50% Discount on Boohoo Zig-Zag Lurex Side-Split Midi Skirt
48503,Flat 50% Off on Styx & Stones Denim Shirt With Spray Effect
48504,"Flat 60% off on Lemon Tree Hotel (Max. once per user. Not on payments made directly at hotel, through PayPal account, Cash on Delivery (COD))"
48505,Get Up To Rs.170 discount on Bus Ticket Bookings
48506,Get 25% Off on All Teas on FRIDAY'S only
48507,Kabali Mania Begins! - Get 30% Off on PVR & INOX vouchers in Bengaluru
48508,Avail 20% Cashback on Bus Booking (On Min. Booking of Rs.300. Max. once per user)
48509,Sultan Family Weekend - Get 100% cash-back on Booking 4 of Movie tickets and cashback on 2 Tickets (Maximum cashback allowed is Rs.300)
48510,Coffee Tables Starts for just Rs.4959
48511,Mintwud Furniture Starting at Rs.799 only
48512,Carpet Offer Starts @ Rs.2231
48513,Today's Special Offers - Rs.250 Discount on all products (For The First 300 Customers only.(On purchase of min. Rs.1000)
48514,Avail 50% Off on purchase of 1 medium pizza and 50% discount on 2nd Pizza (Pizza Should Be medium sized signature/supreme pan pizza)
48515,Any 2 Medium/Personal Pan Pizza Rs.199 only
48516,20% Discount on Tasties Pizza (On order-value of minimum Rs.399. Not on Oveload Big Pizza and Meal Deal)
48517,Flat 12% off on Personalized Pen Drives
48518,Corporate Letterheads Starting for Rs.4
48519,VICTORIA'S SECRET PRODUCTS Starts @ Rs.625
48520,20% Off on Buy any 3 Products
48521,Get Flat 15% Off on PLUM Body and Skincare Products
48522,Avail Extra 15% OFF on products listed at landing page (Max. Rs.450 discount is allowed)
48523,Free shipping To USA and Other Countries on Raksha Bandhan Gifts
48524,Get Rs.600 off on All Products
48525,Get Flat Rs.200 Off on Min. Purchase of Rs.999
48526,Kult 10 Mobile Phone at Rs.6999 only
48527,Upto 80% discount on Classic Watches
48528,Get Flat 60% off on Men's Watches
48529,Auto Monsoon Store - Car And Bike Accessories Starting at Rs.45 only
48530,Storage Deivce Starts @ Rs.155 only
48531,Q Reach Cogent Smartphone for Rs.2999 only
48532,Fitness Accessories Maximum Rs.499
48533,"Maha Electronics Sale - Avail Up To 85% Discount + Additional 5% Discount on Mobiles, TV's, Computers and More (On Payment via HDFC Credit Cards only)"
48534,Get Extra 5% Off on Laat Saab Wala Fashion (Also get 10% Off on Musafir.com flights. 5% Off on Payment via HDFC Credit Cards only)
48535,Get Up to 85% Off on Fostelo Little Hearts Maroon Handbag
48536,Up To 89% Discount on Rosra Silver Metal Analog Wrist Watch For Men
48537,Upto 94% OFF on LOTTO Mens Analog Wrist Watch
48538,Get Up To 87% Discount on  Set of 10 Multicolor Lycra Leggings
48539,Intex Cloud Fame 4G just for Rs.3999
48540,Kenxinda R7 Mobile just for Rs.4299
48541,Avail Flat 26% Discount on Lenovo Vibe K5 Plus Mobile
48542,LAAT SAAB FASHION Max. price of Rs.499
48543,Flat 50% off + Additional 20% off on Trending Styles Products
48544,Get Flat 14% off on shopping of minimum Rs.1800 (For Yes Bank Bank users only. Max. discount of Rs.2500)
48545,Flat 60% Off on Women Westernwear
48546,Intex Cloud Breeze at Rs.3777 only
48547,2016 Fashion Sale - Upto 70% Discount on Handbags And Clutches
48548,Samsung Galaxy J3 (8GB) at just Rs.8490
48549,"Get Upto 80% discount on Sport, Fitness and Outdoor Gear"
48550,"Cool Offer on DSLRs, Digital Cameras, Camera Lenses, Batteries & Chargers and More"
48551,"Get Flat 60% discount on Earrings, Necklace and More"
48552,Women's Apparels And Accessories Maximum Rs.699
48553,Get Flat 38% discount on Tops & Tees By Campus Sutra
48554,Travel Contest Chance To Win Coupon Worth Rs.1000 (Daily 3 Winner)
48555,Get Up To 50% Off on Van Heusen Men's and Women's Apparel
48556,RAKHI COLLECTION ONLINE Starts at just Rs.99
48557,10% discount on Europe Destination
48558,Bras Offer Starting @ Rs.165 only
48559,Get Flat Rs.250 off on shopping of minimum Rs.1399
48560,Flat 50% Discount on Chimney Product 
48561,Upto 30% Discount on Sanitary Ware 
48562,Flat 10% Discount on All Types of Furnishing 
48563,10% to 50% off on All Types of Furnishing & Mattresses 
48564,Upto 50% OFF on Electrical Switches
48565,Upto 10% to 25% Discount on All Types of Door Locks only
48566,Flat 10%  Discount on All Types of Door Locks 
48567,Minimum Order of Rs 500-/ & Get Gulab Jamun Free 
48568,Minimum Order of Rs.1000/ & Above & Get 10% Discount on Food( Parcel Only)
48569,Upto 10% Discount on All Types of Plastic Chairs 
48570,Flat 10% Discount on All Types of Luggage Bags
48571,Flat 10% Discount on All Types of Headphones
48572,Minimum order of Rs 1000- & above & Get 10% Discount Valid Only for takeaway order only
48573,Flat 10% Discount on Food Order (Takeaway Order only)
48574,Get 5% Discount on Min. Food Orders of 10 Kg from any Restaurant
48575,Upto 50% OFF on Home Appliances 
48576,Yearly Package Inclusive GYM+CARDIO for just Rs.9000
48577,Upto 20% Discounts on All Types of Furnishing & Mattresses
48578,Flat 20% Discount on Eyewear
48579,Flat 40% Discount on All Types of Men's Wear 
48580,Get 10% Off on Minimum Food Order of Rs.1000 & above (Takeaway & Parcel)
48581,Minimum Order of Rs 500/- & Get 500ml Cold Drink Free 
48582,Get 10% Discount on Min. Food(Biryani) Orders of 5Kg 
48583,Upto 15% OFF on Men's & Women's Wear
48584,Flat 10% Discounts on All Types of Opticians only
48585,Flat 10% Discounts on Eyewear
48586,Flat 25% Discount on Eyewear
48587,Flat 10% Discounts on Furnishing & Mattresses
48588,Minimum Order of Rs 700/- & Get 500ml Cold Drink Free 
48589,Flat 15% Discounts on all types of Door Locks 
48590,Flat 10% Discounts on Eyewear
48591,Get 500 ml Cold Drink Free on Min. Food order of Rs.500 & above
48592,Upto 25% OFF on all types of  Door Locks 
48593,Only Pay for Pedicure & Hair Spa and get Hair Cut Free
48594,Flat 20% Discounts on Car Seat Cover 
48595,Flat 15% Discount on Bike Battery & 5% Discount on Car Battery
48596,Get 10% Off on Minimum Food Order of Rs.1000 & above 
48597,Get Rs.200 discount on Order Of Rs.1995
48598,Get Flat Rs.100 off on Order Of Rs.1295
48599,Get Rs.300 off on Order Of Rs.2995
48600,Avail Flat Rs.400 discount on Order Of Rs.3995
48601,Buy 2 Get 2 Free on All Brand Products
48602,Amazon Prime - Now In India (Fastest Delivery) on all products (Unlimited Free one-Day And Two-Day Delivery)
48603,Any Denim Jeans for Rs.1499 only
48604,Buy One And Get One Free on Men's  Shirts
48605,Friendship Day - Get Rs.100 Discount on all products (On minimum shopping of Rs.699)
48606,Get Flat Rs.100 OFF on Friendship Day Gifts
48607,Friendship Day Offer - Flat 15% OFF on Gifts (On min. purchase of Rs.899)
48608,Get 15% OFF on Friendship Day Gifts
48609,Avail Flat 68% discount on Deemarks 5 In 1 BeautyMassager
48610,E-Gift Cards Starting for Rs.500 only
48611,Avail Flat 20% OFF on PNB 3.5 L Inner Lid Aluminium Pressure Cooker
48612,Flat 70% Discount on Set Of 4 Designer Double Bed Sheets
48613,Get 63% discount on Set Of 3 Swastik Designer Suits
48614,"Best Sellers - Get Up To 40% OFF on Home Appliances, Luggage and More"
48615,Combo of Foldable Wardrobe & Shoe Rack just @ Rs.1969
48616,Monsoon Delights - Upto 70% discount on products listed at landing page
48617,Avail 25% Discount on Kids Apparel (On minimum order-value of Rs.1000)
48618,Flat 20% Off on Baby Care Items By Pigeon Brand
48619,Get 30% Off on 6+ Products
48620,Get Flat 50% Discount + Additional 5% Discount on Designer Lehenga
48621,50% discount + Extra 5% discount on Men's Suits
48622,Avail Flat 50% Discount + Additional 5% Discount on Designer Saree
48623,Avail 5% Off on All Products
48624,Get 50% off + Extra 5% off on Nehru Jackets
48625,Get Flat 10% Discount on 2+ Products
48626,Get Up To 50% OFF on Designer Jewellery For Women
48627,Avail 15% Off on 3+ Products
48628,20% discount on 4+ Products
48629,Get Flat 25% OFF on 5+ Products
48630,Up To 40% Off on Kids Clothing
48631,"3 Leggings Rs.1,249 only"
48632,Ready To Eat - Meals And Desserts Starting at Rs.79
48633,"Rice,Dals And Pulses, Dry Fruits And More Starts from just Rs.22"
48634,"Big Save - Avail 7% Discount on all products (On order of Rs.3000+. Max. 12 times per user. Max. Rs.500 discount can be availed. Not on Oils & Ghee, Baby Foods, Feeding bottles, Aashirvaad and Pillsbury Atta, Amul & Waghbakri)"
48635,Get Up To 20% OFF on 500 Ml VIM Gel Bottle
48636,"Big Save - 4% Discount on spending minimum Rs.1500 (Max. 12 times per user. Maximum discount of Rs.500 will be applicable. Not on Oils & Ghee, Baby Foods, Feeding bottles, Aashirvaad and Pillsbury Atta, Amul & Waghbakri)"
48637,"Dedicated Servers Starting at just Rs.7,699 Per Month"
48638,45% discount on VPS Hosting
48639,Combo Gifts Rs.199 onwards
48640,Rakhi With Dry Fruits Starting for Rs.399
48641,Rakhi Gifts For Sister Starting @ just Rs.249
48642,Rakhi With Chocolates Starts for Rs.399
48643,Personalized Rakhi Gifts Starts at Rs.299 only
48644,Rakhi With Sweets Starts @ Rs.399
48645,Cinemad Day Offer - Avail 100% cash-back on 2nd tickets (On Payment via MyWallet only. only on new registrations. Max. cashback of Rs.120)
48646,Get 15% Cashback on purchase using SBI Buddy wallet only (Max. Rs.50 cashback will be applied)
48647,Get 30% Off on Mason Jars
48648,Avail Flat Rs.600 off on Classic Chumbak Owl
48649,Get 30% Off on Dining Crockery
48650,Flat 30% OFF on HandBags
48651,Avail Flat 30% Off on Sling Bags
48652,Get Flat 30% Discount on Wallet
48653,Avail 30% OFF on Lunch Box & Lunch Bag
48654,Flat 30% Discount on Home & Decor
48655,Up To 50% off on Designer Cushions Cover
48656,Get Flat 30% Off on Designer Cushions Cover
48657,Get 30% Discount on Footwear For Women
48658,Up To 20% discount + Free Shipping on products listed at landing page.
48659,"Up to Rs.2000 off on Activities, Flights & Hotels (For  American Express Card users only. only on Tuesday)"
48660,Get Rs.700 Cash back on  Domestic Roundtrip Flights (On Payment via SimplyCLICK SBI Card Credit Cards only)
48661,Avail Up to Rs.1200 discount on Domestic Flights (On Payment via HSBC Bank Credit Cards only)
48662,Get Up to 50% discount on NH7 Weekender Early Bird Sales
48663,Evening Relaxwear Apparels Starting for just Rs.299
48664,Nightwear Offer All products under Rs.399
48665,Nightwear Offer Everything under Rs.499
48666,Everyday Bras at Rs.99 only
48667,Nightwear Offer Max. price of Rs.299
48668,Panties Offer Rs.79 only
48669,Pajamas Offer Starts @ Rs.299
48670,Nightwear Offer All products under Rs.599
48671,Get Up To 70% Discount on Shorts
48672,Designer Lehengas Everything under Rs.1499
48673,Home Decor Products Starting from just Rs.349
48674,Ethnic Fashion Apparels Starting @ Rs.370
48675,Ready For School - Get Upto Rs.23000 off on MacBook
48676,Skullcandy Grind Bluetooth Headphones for just Rs.5499
48677,Deal Of The Day - Lenovo Laptop Rs.20490 only
48678,HP Notebook for Rs.34990 only
48679,Acer Notebook Aspire ES1-521 just Rs.21999
48680,"Good Life Fest - 8 Lucky Customers Win A Car on Washing MAchine, Air Purifier And More"
48681,The Lowest Price Challenges on Best Buy At Croma
48682,SuperPro Laptops Starts @ Rs.53190
48683,Best Reboxed Deals on products listed at landing page
48684,Get 7% off on products listed at landing page (Max. discount of Rs.3000)
48685,Get Upto 50% off on Men's Shoes
48686,Up to 30% OFF on Women's Shoes
48687,"Get Upto 40% Off on Men's activewear, shoes and accessories"
48688,"Up To 50% OFF on Michael Kors, Coach, Mario Valentino & More Brand Handbags"
48689,Blindfold Sale - lenovo-G50-45 Offer just Rs.20490
48690,Blindfold Sale - Avail Rs.3000 Points Back + Extra 5% Cash Back on Koryo 39 inches HD Ready LED TV (Extra Cashback on Payment via ICICI Credit/Debit Cards only. Max. cashback of Rs.1500)
48691,Blindfold Sale - Flat Rs.3000 Point Back + Additional 5% Cash Back on LG Fully Automatic Washing Machine (Extra Cashback on Payment via ICICI Credit/Debit Cards only. Max. Rs.1500 cashback will be applied)
48692,"Get Additional 5% cash back + Upto 3000 Payback Points on Apple iPhone 5S 4 Inches (Space Grey, 16 GB. on order-value of minimum Rs.15000. Maximum cashback of Rs.1500)"
48693,Blindfold Sale - Get Up to 50% discount on All electronic Products
48694,Printed Scarves For Women Starting for Rs.400
48695,Summer Dresses Starts for just Rs.650
48696,CIAZ Collection Sofas Starts @ just Rs.7797
48697,Avail 50% OFF on Beds And Wardrobe Furniture
48698,"15% Off on Nursery (On order of Rs.3000 and above. Not on  Charlie Banana, Flamingo, Foscam, Kadam Baby, MadRat, Melissa & Doug, Motorola, Pinehill, Speedo, Tupperware, Wanna Party, Bio Oil, BeCool, Btwin, Alex Daisy, Jane, Chicco, Enfagrow and Wudplay)"
48699,"Avail Flat 15% Discount on Toys and Gaming (On minimum shopping of Rs.750. Max. once per user. Max. Rs.800 discount is allowed. Not on Charlie Banana, Flamingo, Foscam, Kadam Baby, MadRat, Melissa & Doug, Motorola, Pinehill, Speedo, Tupperware, Wanna Party, Bio Oil, BeCool, Btwin, Alex Daisy, Jane, Chicco, Enfagrow and Wudplay)"
48700,"Get Flat 15% discount on Baby Gear (Not on Charlie Banana, Flamingo, Foscam, Kadam Baby, MadRat, Melissa & Doug, Motorola, Pinehill, Speedo, Tupperware, Wanna Party, Bio Oil, BeCool, Btwin, Alex Daisy, Jane, Chicco, Enfagrow and Wudplay)"
48701,Get 20% off on Feeding and Nursing
48702,"Flat 10% OFF on Diapering Essentials (Not on  Baby Diapers and the brands Charlie Banana, Flamingo, Foscam, Kadam Baby, MadRat, Melissa & Doug, Motorola, Pinehill, Speedo, Tupperware, Wanna Party, Bio Oil, BeCool, Btwin, Alex Daisy, Jane, Chicco, Enfagrow and Wudplay)"
48703,Toy Fest - Upto 80% Off on Top Brand Toys
48704,10 MINUTES SALE @ 10 AM - 35% Discount on Diapers (Max. Rs.350 cashback is applicable)
48705,"Get Rs.400 discount on Premium Store (On order of min. Rs.1100. Max. once per user. Not on Diapers, Combos, Bottles & Accessories and Formula & Supplements)"
48706,Micromax Televisions Starts at just Rs.9489
48707,Micromax Canvas P680 for Rs.7299 only
48708,Micromax Laptops at just Rs.18990
48709,Up to Rs.5000 Discount On Exchange + Additional Rs.5000 Discount On Yatra ecash on Micromax Ignite Laptop
48710,Canvas Nitro 2 at just Rs.5999
48711,Flat 30% Discount on LED Bulbs
48712,Up to 50% Off on Car And Bike Accessories
48713,Up to 50% discount on Micromax LED TV (Upto Rs.20000 Off on Exchange)
48714,Exciting Offers - Upto Rs.1500 discount On Exchange on Micromax Smart Phones
48715,HP APU Quad Core A8 Notebook just at Rs.23990
48716,Vega T-Comfort Trimmer For Men for just Rs.849
48717,"Avail Flat 35% Off on Fiction, Self-help, Academic And More Books"
48718,JBL Headphone for Rs.799 only
48719,"Earrings, Necklaces, Bracelets Max. price of Rs.199"
48720,Men's Clothing And More Starts from Rs.249 only
48721,Laptop Skins for Rs.149 only
48722,"10,000 mAh Power Banks Rs.679 only"
48723,My Shaldan Car Freshners just Rs.199
48724,"Avail Up To 40% Off on Brut, Nivea And More Body Care Products"
48725,32 Inch Televisions Starting at Rs.13990
48726,Wedding Anniversary Gifts Starts for Rs.499
48727,Fresh Flowers For Birthday Gifts Starts from Rs.399 only
48728,Rakhi With Chocolates Rs.299 onwards
48729,Rakhi With Sweets Starting from Rs.499 only
48730,Rakhi With Decorative Thali Starts @ Rs.799 only
48731,Rakhi For Brother Starts at just Rs.169
48732,Kids Rakhi Starts from Rs.149
48733,Avail 15% discount on Min. Purchaase of Rs.1000
48734,Personalised Mugs For Gifting Starting for Rs.349
48735,Teddy Bears For Gifting Starting at just Rs.449
48736,15% Discount on All Rakhi Gifts
48737,15% discount on Friendship Day Gifts
48738,15% OFF on Rakhi Pooja Thali
48739,Avail Flat 15% OFF on Rakhi with Sweets
48740,Get 15% off on Rakhi Personalized Gifts
48741,Avail Flat 10% Discount on Lip-Smacking Dishes
48742,Up To 67% discount on Lifestyle Clocks
48743,Get Up To 36% OFF on Barware Products
48744,Avail Up To 30% off on Recipes Books
48745,Get Up To 67% OFF on Artifacts & Showpieces
48746,Get Up To 50% discount on Motorola Smartphones
48747,Emirates Flights Starting for Rs.3700 (Travel Till 11th August'16)
48748,"July Best Seller - Get Up To 89% OFF on Mobiles, Mobile Accessories, Laptops And Laptops Accessories"
48749,WOW Deal - Nokia N73 Mobile for Rs.1299 only
48750,Friend Ship Day Offer - Gift Items Starting from Rs.70
48751,Rakhi Gifts Starts for just Rs.100
48752,Upto 25% Discount on Weight Gainer Products
48753,Get Up to 68% discount on Omega 3 Products
48754,Get Flat 55% Discount on High Protein Kit
48755,Avail Up To 30% discount + Additional 10% discount on Selected Multivitamins Products
48756,India's Favorite Health Destination on Helthkart Products
48757,Free Micronized Glutamine on Muscle Blaze Products
48758,Get Up To 67% off on Garcinia Products
48759,Extra 10% Off on Organic Foods
48760,Launch Offer - Get 50% discount on Healthkart Protein
48761,Hidesign Stationery Starts for Rs.995
48762,"Classics Bags Starts from Rs.3,895 only"
48763,"Work Wear Bags Collections Starting for just Rs.3,995"
48764,Up To 30% Off on Women's Sunglasses
48765,"Nashware Nicer Dicer 11 In 1 & Fruit, Vegetable Juicer Combo Rs.876 only"
48766,Cook & Serve Set By Ideale at Rs.999 only
48767,Kawachi Magic Wash Floor Cleaning 360 Degree Spin Mop at Rs.849 only
48768,K Decor 5.5 L Cleaning Magic Mop Combo at just Rs.807
48769,Home Cotton Waterproof Mattress Protector just Rs.781
48770,Youthful Forever Anti-Ageing Regime Kit By VLCC just Rs.849
48771,Get Additional 15% discount on Sports Shoes
48772,101 Hour Sale - Get Up to 30% off on Hotel Booking
48773,Single Beds Rs. 5490 onwards
48774,Leatherette Sofa Sets Starts for Rs. 6990
48775,Sofa Sets Starting @ Rs. 4290
48776,Get Flat 50% OFF on Decor Lounger Sofa Black
48777,Up To 68% OFF on Home Decor Products
48778,48% discount on Calino Bedroom Sets
48779,"Recliners Offer Starts @ Rs. 14,290"
48780,Queen Beds Rs. 6990 onwards
48781,"Sofa cum Beds Starting for Rs. 10,490 only"
48782,Flat 60% Discount on Plaza TV Unit
48783,Shoe Racks Starting at Rs. 2490
48784,Bookshelves Offer Starts from Rs. 1290
48785,Up To 71% Off on Computer And Offices Tables
48786,50% off on King Bed Mattress
48787,Get Flat 50% off on 4 Door Wardrobes
48788,25% Discount + Additional 25% Cash-back on Beauty Services
48789,Avail 5% off on All Accessories on Rs.1000
48790,Flat 55% Off on Payment Via Amazon
48791,Up To 40% off on Machine Work Kurtis For Women
48792,Avail Up To 35% OFF on Palazzo Suits For Women
48793,Up To 35% off on Casual Suits
48794,Up to 70% Discount + Extra 10% Discount on Selected Products
48795,Up to 65% Discount on Branded External Hard Drives
48796,Apparel Sale - Get Up to 80% discount on Mens And Women's Apparels
48797,Best Price - Camera Lenses Starts at Rs.195
48798,Asus Mobiles Starting from Rs.7949 only
48799,Up To 70% OFF on Women Fashion Products listed at landing page
48800,Upto 70% off on products listed at landing page
48801,Avail Flat 25% Off on shopping of Rs.1999+ (For HDFC Bank users only)
48802,Get Flat Rs.650 Off on all products (On minimum purchase of Rs.1999. on Payment via HDFC bank Netbanking only)
48803,Flat 25% discount on min. order-value of Rs.1999 (For YES Bank users only)
48804,Avail Flat 25% discount on order of Rs.1999+ (For Axis Bank Bank users only)
48805,Designer Kurtis Starts @ Rs.435
48806,Designer Jewellery Starts for just Rs.912
48807,"Designer Dresses For Women Starting @ just Rs.2,940"
48808,Women's Espadrilles Footwear Starts @ Rs.695 only
48809,Cold Shoulder Tops For Women's Starts from Rs.660 only
48810,Women's Cardigans & Pullovers Starting from Rs.350 only
48811,Women's Lingerie & Sleepwear Starts for just Rs.105
48812,Men's T-Shirts & Polo Shirts Starts at just Rs.180
48813,Men's Jog Pants Starting @ Rs.360 only
48814,Men's Jeans Starts for Rs.450
48815,Men's Hoodies & Sweatshirts Starts from Rs.300 only
48816,Tasselled Sandals For Women's Starting at Rs.390
48817,Novelty Accessories For Women's Starts at just Rs.60
48818,Men's Summer Shoes Max. price of Rs.150
48819,The Boho Dresses For Women Starting at Rs.450
48820,Men's All Products In White Starting from just Rs.60
48821,Men's Shoes In Camo Green Starts for just Rs.250
48822,Get Flat Rs.200 discount on contact lenses (On min. shopping of Rs.1500)
48823,Rs.1500 off on Progressive Lenses
48824,2 Vincent Chase Sunglasses at Rs.1499 only
48825,Avail Flat 50% off on Branded 2nd Premium Eye Glasses
48826,6 Aqualens just for Rs.499 (Also Buy 1 At Rs.149 And Buy 2 At Rs.199)
48827,50% Discount on 2nd Eye Glasses
48828,Parents Day Offer - Free Bifocal Lenses on Eyeglasses (On spending Rs.2495 and above)
48829,Get Extra Rs.300 Discount on Contact Lenses (On order of Rs.2000+)
48830,Freshlook Color Lenses Rs.495 only
48831,Buy 2 Vicent Chase Eyeglasses just Rs.1799
48832,Rs.60 OFF on Bus Tickets (On Min. Booking of Rs.600)
48833,Get Flat Rs.121 off on  Bus Tickets (On Min. Booking of Rs.1500)
48834,Get Flat Rs.222 discount on Bus Tickets (On Min. Booking of Rs.3000)
48835,Bags For Women Starts from Rs.590 only
48836,Flat 50% OFF on Wedding Collection Of Footwear For Women
48837,"FitFlop Footwear For Women;s for just Rs.5,300"
48838,"Davinchi Footwear For Men Starting from just Rs.2,990"
48839,Get Flat Rs.400 discount on Min. Purchase of Rs.3000
48840,Refer & Earn Up To Rs.1000 on Inviting friends to install & add money on the MobiKwik App
48841,Get RAJNI Special: 400% Cash-Back to 400 lucky users! on Min. Payment of Rs.10 (Maximum Rs.200 cashback is allowed. Not on minors and residents of Tamil Nadu)
48842,Rakhi Collections Starting at Rs.195
48843,Cakes Offer Starting for just Rs.495
48844,Flowers Offer Starts from Rs.399
48845,Chocolates Offer Starting for just Rs.245
48846,Gifts Products Starts for Rs.245 only
48847,Rakhi Hampers Starting at Rs.445
48848,Gifts For Kids Starting @ just Rs.195
48849,Return Gifts For Sisters Starting for Rs.195 only
48850,Gifts For Brothers Starts from Rs.295 only
48851,Rakhi  With Cakes Starting for Rs.799
48852,"Rakhi To Abroad Starting @ just Rs.1,195"
48853,Same Day Rakhi Delivery Rs.495 onwards
48854,Rakhi  With Flowers Starts for just Rs.495
48855,Get 70% Discount on Boy's Apparels & Accessories
48856,Up To 70% Discount on Leather Footwear
48857,Flat 70% off on Women's Apparels & Accessories
48858,Flat 70% Discount on Girls Apparels & Accessories
48859,Get 70% off on Men's Apparels & Accessories
48860,Up To 73% discount on Wallets
48861,Handbags Offer Starts for Rs.109
48862,Flat Rs.2000 discount on Footwear For Men
48863,Earring Offer Starting @ just Rs.99
48864,Get Up To 60% OFF on Nike Sportswear
48865,Avail Up To 80% OFF on Sunglasses
48866,Get Up To 65% OFF on All Linen Collections
48867,Buy 1 Get 1 Free on SuperSonic Insect & Pest Repellent
48868,Get Flat 50% Off on New Portable Automatic Car Washer
48869,Complete Body Massager Starting from Rs.1499
48870,Get Up To 70% Discount on Kitchen Storage Products
48871,Get Flat Rs.1000 Off on Independence Day Long Weekend (On Min. Booking of Rs.7000)
48872,Connaught Place Restaurants Starts at just Rs.326
48873,Avail Rs.500 off on Hotel  Booking of Rs.3500+
48874,Get Flat Rs.1000 Discount on Hotel Booking (On Min. Booking of Rs.7000)
48875,Hotels in Rajasthan Starts for just Rs.899
48876,Laurels West Blue Men's Wallet Rs.149 only
48877,Laurels West Black Men's Wallet just at Rs.149
48878,Combo Of USB Fan And USB Led Light at just Rs.89
48879,Combo Of Bike Cover + Biker Rain Suit just Rs.349
48880,Get Flat 30% Off + Additional 25% Off on Hotel Bookings
48881,Get 25% Discount on Hotel Bookng (On Min. Booking of Rs.999. Max. 3 times per user. Max. Rs.15000 discount is applicable)
48882,Get 25% Off + Extra 20% Cash-Back on Hotel Bookings (20% Cashback in Freecharge Wallet)
48883,Avail 35% off + Extra 20% OYO Money Cash-back on Min. Hotel Bookings of Rs.999 (Maximum discount of Rs.1500 can be availed)
48884,Monsoon Sale - Get 40% off on Min. Booking of Rs.999 (Maximum discount of Rs.1500)
48885,Get Flat 25% off on Hotel Booking Across India
48886,3% cash back on Reliance Energy bill Payment (Maximum Rs.350 cashback is applicable)
48887,Up To 50% Discount on Women's Apparels
48888,Avail Up To 25% Off on Designer Anarkali Suits
48889,Women's Sarees & Suits Starting for Rs.795
48890,Tunics & Kurtis Starting at Rs.495
48891,Party Wear Saree starting just for Rs.645
48892,Patiala Suits For Women Starting At just Rs.4895
48893,Bollywood Collection Apparels Starting @ Rs.745 only
48894,Sweatshirts For Men just Rs.770
48895,Mintwud Furniture Items Starting @ just Rs.799
48896,The Happy Independence Sale - Get Flat 50% discount on products listed at landing page
48897,Buy Any 2 Medium or Personal Pan Pizza just @ Rs.199
48898,All Women's Shapewear for Rs.599 only
48899,End Of SeasonSale - Get Flat 40% off on all products
48900,Extra 20% Discount on Women's Innerwear
48901,30% Discount on any 2 Active Women's Wear
48902,Pick 2 Panties just for Rs.499
48903,Get 30% discount on purchase of any 2 products from Activewear/ Workout collection
48904,"End Of Season Sale on Women's Lingerie, Nightwear And More"
48905,Happy Friendship Day - Get Upto 57% off on all products
48906,Get Additional 5% Discount on Promotional Gfits
48907,20% Discount on Personalized Parker Pens
48908,Flat 50% OFF on all products (On purchase of Rs.300+)
48909,Up to 57% discount on products listed at landing page
48910,Flat 30% off on all products
48911,Men Shirts Starts @ just Rs.799
48912,Get Up To 10% off on MERIT-VCO Skin and Body Care
48913,The Body Shop Sale - 20% off on Any 3 Bodycare Products
48914,Avail Extra 15% discount on all products (On spending minimum Rs.1500. Using Mobile App only)
48915,10% cash-back on Bus Bookings (Only for Freecharge wallet users)
48916,Get Marvel Discounticial VR Headsets Starting for Rs.550
48917,Xcess X499 Gem B Mobile Phone just at Rs.599
48918,99 Ka Maal -  Offer Everything below Rs.999
48919,48% discount on Homemate Stainless Steel Cloth Stand And Drying Rack
48920,Rs.600 Discount on Electronics
48921,Get Extra Rs.600 discount on Micromax Canvas 2 Colours A120
48922,Get Rs.300 Off on Min. Purchaase of Rs.999
48923,51% discount on Luxury Perfumes
48924,Avail Up To 60% discount on Refurbished Laptops
48925,Q Reach Smart Phone just at Rs.4444
48926,Laat Saab Wala Fashion - Travel And Luggage + Extra 5% OFF Max. price of Rs.499 (Extra Off on Payment via HDFC Bank Credit Cards only. Rs.100 Off on PAYZAPP Wallet)
48927,Get Flat 80% Discount + Additional 10% Discount on Sports And Health Products
48928,VR Virtual Reality 3D Headset With Remote Controller for Rs.599 only
48929,Super Saver Bazaar Starting for just Rs.15
48930,Avail 66% OFF + Additional 15% OFF on Women's Apparel
48931,Philips SHS390 Neckband Headphones just at Rs.329
48932,78% Off on Front Roller Sunshade For Car
48933,70% Discount on Motorbike Cycle Mobile Holderbike
48934,Get 70% Off on Multi Purpose Foldable Storage Stool
48935,78% Discount on Vox Portable 2600mAh USB Power Bank
48936,Play Suit Collections For Women Starts from just Rs.449
48937,Set Of Ankle Length Socks For Women Starting for just Rs.199
48938,Up To 45% Discount on Women's Outerwear Dresses
48939,Up To 45% Off on Women's Maxi Dresses
48940,3 Women's Apparels for Rs.999 only
48941,Extra 5% Off on Selected fashion Products (On minimum order of Rs.2099. For Kotak Bank  Bank users only. Max. Rs.1000 discount is allowed)
48942,I Love Shoppers Stop Sale - Upto 70% Discount on Salwar And Churidar Suits
48943,Upto 51% OFF on all products
48944,Get Up to 30% off on Men's Clothing
48945,Avail 50% OFF on Women's Westernwear
48946,Agile Scrum Master Demo Class By Jeff Allen on products listed at landing page.
48947,30% Discount on Self-Paced Learning And Master Courses
48948,LG X Screen K500I Dual Screen (16GB) Rs.12990 only
48949,"Monson Sale - Kitchenware on Cookware, Storage, Tools and More"
48950,"Pre Make-up Routine Essentials - Up to 77% off on Pre Make-up Routine Essentials Face Wash & Scrubs, Moisturizers & Day Creams, Moisturizers & Day Creams, Toners"
48951,"Monsoon Electronics Sale - Up To 50% Discount on LG, SONY, SAMSUNG and more TV Brands"
48952,Get 50% discount on Women's Clothing
48953,Get Flat Rs.500 Off on Min. Purchase of Rs.2299
48954,Trousers For Women Rs.949 only
48955,Avail Flat Rs.200 Discount on Min. Purchase of Rs.1000
48956,65% Discount on Women's Apparels
48957,Rakhi's Offer Everything under Rs.99
48958,Up To 63% off on Rakhi
48959,Avail Up To 80% off on products listed at landing page.
48960,"Get Rs.10,000 Discount on Min. Purchase of Rs.30,000"
48961,Women Dresses Starts for Rs.399 only
48962,Up to 100 Days Of Trial Offer on Mattresses
48963,Balcony Set Furniture Starts from Rs.5499 only
48964,Get Citibank EMI Cash Back on All Products
48965,Beautiful Furniture For Home Corners on products listed at landing page
48966,Women's Accessories Max. price of Rs.499
48967,Get Flat 45% discount on Wonderchef Oscar Blu Doppio Set of 4Pcs
48968,Get Flat Rs.310 OFF on Wonderchef Vegetable Cleaner & Salad Spinner
48969,Rs.510 Discount on Wonderchef Ceramic Hot Plate
48970,Rs.991 Discount on Wonderchef Smoky Grill Electric Barbeque
48971,Get Rs.3010 Discount on Wonderchef 4 Seasons Spring Cookware Set
48972,Rs.210 OFF on Wonderchef Regalia Bread Maker
48973,Get Flat 17% Discount on Turbo Dual Speed Food Processor
48974,Get 40% OFF on Nutri Blend With Free 2 in 1 Peeler
48975,Wonderchef Handi Pressure Cooker just for Rs.3199
48976,Get Flat 46% Discount on Forged Diamond Pan With Free Spoon + 2 Chopping Mat
48977,Get 10% off on Jordan Packages
48978,Avail Up to Rs.600 discount + eCash benefits on Payment via  HDFC Bank Credit Cards only
48979,Avail Upto Rs.11000 Off + Additional Rs.500 Off on British Airways round-trip tickets (Extra Rs.500 off with HDFC credit card)
48980,Qatar Airways Offer - Up To Rs.16000 off on roundtrip India to Europe and The United States of America (Extra Rs.500 off with HDFC credit card)
48981,"Up To Rs.1900 off on GoAir domestic flights (Upto Rs.400 off + Rs.1,500 eCash. Extra Rs.500 off with HDFC credit card)"
48982,Get Up to Rs.25000 discount on Domestic or international Holiday's
48983,Get SpiceJet Domestic air fares (Additional Rs.500 OFF with HDFC credit card) Starting from Rs.439
48984,Flat 50% discount + Additional 15% discount on The Lalit Hotels (Extra 15% Off on using Yatra eCash)
48985,Flat 50% Discount + Extra 15% Discount on Lemon Tree Hotels (Extra 15% Off on using eCash. Max. Rs.4000 discount is applicable)
48986,Early Bird Offer - Get Upto Rs.50000 Discount on Holidays to domestic or international destination
48987,Free cab ride voucher worth Rs.400 on domestic flights and hotels (On orders using Ola Money wallet only)
48988,Get Up To 10% Cashback on domestic flights and hotels (On orders using Paytm wallet only)
48989,Get 30% off + Additional 75% cash-back on domestic hotels (75% ecasback upto Rs.4000 Plus 15% eCash usage allowance. Also Rs.500 Off on HDFC Credit Card Payment)
48990,Avail 50% OFF + Extra 15% eCash Burn on Domestic Hotels (Max. discount of Rs.4000 will be applied)
48991,"Up To Rs.8000 OFF on Malindo Air round trip tickets (Rs.1,500 Off + Rs.6,500 eCash. Extra Rs.500 Off on Payment via HDFC Credit Cards)"
48992,Get Up to Rs.10000 discount on  Oman Air round-trip tickets (Extra Rs.500 off with HDFC credit card)
48993,"Avail Up To Rs.10000 Off on travel to Paris with Jet Airways round trip tickets from Mumbai (Rs.2,500 Off + Rs.7,500 eCash. Extra Rs.500 off with HDFC credit card)"
48994,"Up To Rs.7000 OFF on Malaysia Airlines round trip tickets (Rs.1,000 Off + Rs.6,000 eCash. Extra Rs.500 on HDFC Credit Card Payments)"
48995,"Get Up To Rs.7000 off on Virgin Atlantic round trip tickets (Rs.1,000 Off + Rs.6,000 eCash. Extra  Rs.500 off with HDFC credit card)"
48996,Air France Bonanza Offer - Avail Upto Rs.15000 discount on Air France from India to Europe and The United States of America (Extra Rs.500 off with HDFC credit card)
48997,Buy One Get One Free on Comfortable Women's Wear
48998,Rs.10 Off on Kurkure 1Kg Pacl
48999,Avail Flat Rs.86 Discount on Sunpure Refined Sunflower Oil 5 Litre
49000,Perfumes For Men & Women Starting from Rs.24
49001,Shaving And Grooming Men Care Starts from Rs.19
49002,Up To 70% Discount on Health Devices
49003,Olay Anti-Aging Skin Cream For Women Starting from Rs.160 only
49004,Up To 70% discount on Dr. Morepen Glucose Monitor
49005,Garnier Natural Beauty Products For Women Starts @ just Rs.69
49006,Get Up To 42% OFF on Reebok Absolute Trail LP Men Sandals
49007,Up To 18% OFF on Pack Of 4 Himalaya & Rose Soap
49008,Up To 55% Off on Classic Double Bed Mosquito Net
49009,Free Prescription Medicines And OTC Products on products listed at landing page
49010,Avail Flat 20% Discount on All Shoes
49011,Avail Up To 50% off on Women Accessories
49012,Stylish Dresses Starting @ Rs.745
49013,Subscribe And Save - Get Upto 10% Discount on Diet & Nutrition Products
49014,Get 40% off on Slip-Ons
49015,E-Gift Cards Starts at Rs.500
49016,"Upto 40% Discount on Mobiles, Appliances, Luggage and More"
49017,Avail Up To 50% Discount on Legging For Women
49018,Trendy Handbags For Women Starting for just Rs.332
49019,Mojari For Men Starts at Rs.664 only
49020,Juti For Women Starts from just Rs.531
49021,Avail Flat 50% Discount + Extra 5% Discount on Artificial Jewellery
49022,Unbelievable Prices - Fresh Vegetable and Fruits Starts at just Rs.15
49023,Avail 4% Discount on all products (On purchase of Rs.1500 and above)
49024,Happy Chef Fresh Ready To Eat Meals and Desserts -  Offer Starts @ just Rs.79
49025,The Spice House - Masalas & Spices Starts at Rs.8 only
49026,Hair Care Products Starting for Rs.3 only
49027,Flat 45% Discount on All Hosting Products
49028,Get Up To 31% OFF on Anarkali Designer Suits
49029,Designer Earrings Starts @ Rs.912 only
49030,Get Up To 40% off on Kids Clothing
49031,Get 31% Off on Printed Tops For Women
49032,Thrilling Thursday - Flat Rs.1200 cashback on domestic flights
49033,Low Airfare Sale - Avail Flat 30% discount on Domestic and International Flights (Travel Period: 15 August 2016 onwards)
49034,"Emirates Special Fares on from India to Europe, United Kingdom & United States of America (ravel Dates: 15 September 2016  to 16 March 2017)"
49035,Avail Up To 50% Discount on Designer Anarkali Suits
49036,Get Flat 20% Discount on Fastrack Watches
49037,Latest Se Latest Ethnic Fashion on products listed at landing page
49038,Latest Designer Sarees Starts at Rs.999 only
49039,Party Gowns Starts for Rs.799
49040,GODREJ 261 LITRES RT EON P 3.4 FROST FREE REFRIGERATOR (SILVER) at Rs.20950 only
49041,Croma Terrific Thursdays - Get Flat Rs.1000 Cash Back + Couple Movie Tickets on all products
49042,The Best Watches -  Offer Starting for just Rs.200
49043,Upto 60% off on Health Care Instruments
49044,Up To 50% discount on Abercrombie-Fitch Men's Apparels and Accesories
49045,Koryo 39 inches HD Ready LED TV just Rs.19999.00 (5% Cashback With ICICI Credit/Debit Cards and also earn Upto 3000 Payback Points)
49046,Up to 60% Off on Queen Size Beds
49047,Upto 60% off on Sofa Cum Beds
49048,Get Up To 50% Off on Dinner Sets
49049,Get Upto 55% Discount on KITCHEN CABINETS & SIDEBOARDS
49050,Shaz Living Furniture just at Rs.790
49051,Get 30% Discount on FASHION CLOTHING FOR KIDS
49052,15% Discount on All Orders
49053,"Flat 30% Cash Back on Clothes, Shoes & Fashion Products"
49054,Deal Of The Day - Toys Offer just for Rs.99
49055,The Half Price Store - Get 50% discount on Selected Products (Max. once per user)
49056,Selected Musical Toys Rs.299 (One Time Per User) only
49057,Get Rs.400 Discount on all products (On order of minimum Rs.1499)
49058,Get Flat Rs.500 Discount on Selected Products (On purchase of Rs.1699+)
49059,"Rs.300 Discount on minimum purchase of Rs.1299 (Not on Diapers, Super Savers, Combos, Gift Certificate, Formula & Supplements, Bottle Cleaning & Sterilization, Bottles & Accessories & certain brands)"
49060,Flat Rs.155 Off on purchase of Rs.600+
49061,Samsung Days - 1500% OFF on Galaxy 5-6
49062,Dell Inspiron APU Quad Core A10 - (8 GB/1 TB HDD/Windows 10/2 GB Graphics) Notebook for just Rs.37990
49063,Swipe Elite Plus (5&quot; FHD IPS Octacore 64-bit Snapdragon615 13MP(Rear) + 8MP(Front) 3050mAh Battery OTG16 GB) just at Rs.6999
49064,Royal Enfield Accessories Store Launch on products listed at landing page
49065,WASHING MACHINES Starts at Rs.5990
49066,Infocus Bingo 10 Mobile (5+5 MP with Dual Flash Android Marshmallow 1 GB RAM + 8 GB ROM Quad Core processor) at Rs.4990 only
49067,Rs.50 Cash back on Recharges & Bill Payment (On Min. Payment And Recharge of Rs.75. Max. once per user. only for New users. Not on  Airtel Transactions)
49068,Get Flat 20% cash-back on DTH Recharge (On Min. Recharge of Rs.300. Not on Airtel Transactions)
49069,Rs.50 Cash-back on Prepaid Recharge of Rs.50+ (Only For New User only for App users)
49070,Up To 400% Cash-Back on Recharge and Bill Payment (On Min. Recharge of Rs.20. For new customers only. Max. cashback of Rs.80)
49071,"Avail Rs.300 OFF on Min. Purchase of Rs.1,099"
49072,Avail Rs.250 Off on Min. Purchase of Rs.999
49073,"Emirates Fare Offer - US, Europe, UK Starting at Rs.39000 (TRAVEL PERIOD 15th Sep - 16th Mar 17)"
49074,Up to 64% Discount on Treadmills
49075,Upto 47% discount on Sinew Whey-Protein and Whey-Protein isolate
49076,Get Flat 50% discount on Advance Senior Male Package
49077,Up to 68% off + Extra 10% off on Omega Fatty Acids
49078,Get 35% OFF on Multivitamins
49079,Up To 50% discount on Women Handbags
49080,Up To 50% Discount on Women Footwear
49081,Get Up To 30% OFF on International Books
49082,"A Blockbuster Sale - Get Upto 70% OFF on Branded Men's Apparels, Footwear And More"
49083,"A Blockbuster Sale - Up To 70% Discount on Branded Women's Apparels, Footwear And More"
49084,Get 25% Discount on Hair ReGrowth Treatment Kit
49085,Get Flat 20% Off on all products (On purchase of Rs.3500+)
49086,Cold Shoulder Tops For Women Starts @ Rs.450 only
49087,Get Extra Rs.200 OFF on Contact Lenses  (On minimum cart-value of Rs.1500)
49088,Free Aqualens Large 360ml Solution on Contact Lenses (On minimum cart-value of Rs.1500)
49089,Buy 2 for 1099 on all products
49090,Buy 3 for 999 Sale on all products
49091,"Up To 40% off on Body Shop, Lotus Herbal, Biotique"
49092,FLY-DAY Sale - Get Flat Rs.555 Cash-Back on Domestic Flights (Max. 2 time Per User)
49093,Get Flat 35% Cash back on Hotel Booking
49094,Get Upto Rs.120 Cash Back on Bus Booking (On Min. Booking of Rs.300. Max. once per user)
49095,Get Up To 70% Off on Apparels
49096,Indo Western Suits Starts for Rs.1095 only
49097,Patiala Suits For Women Starting At just Rs.495
49098,Mobiles & Accessories Starting at just Rs.219
49099,Beauty Products Starting at just Rs.13
49100,Fashion & Accessories Starts @ just Rs.75
49101,Designer Jewellery Starting for just Rs.150
49102,Food Products Rs.18 onwards
49103,THE INDEPENDENCE SALE on all products
49104,The Happy Independence Sale - Get Up to 50% Off on all products
49105,Get Up To 40% Discount on Across Sitewide
49106,Buy One Get One Free on Women's Lingerie
49107,Flat 40% off on all Women Lingerie products
49108,Happy Friendship Day - Avail Flat 30% off on Personalised Canvas Print
49109,Happy Friendship Day on Personalised Cap
49110,Happy Friendship Day on Personalised Greeting Cards
49111,Personalized Notebooks Rs.99 only
49112,Personlaised Friendship Day Power Banks Starting at Rs.764 only
49113,Up To 50% off on all products
49114,Flat 70% OFF on Women's T-Shirts & Knitted Tops
49115,Flat 70% Discount on Women's Dresses
49116,15% Discount on all products (On order-value of min. Rs.1000. Max. Rs.750 discount will be offered)
49117,Free Banjara's Skin +ve Beauty Cream on Banjaras Products Worth Rs.100
49118,Avail Up To 40% Discount on Body Care And Fitness Products
49119,MAGIC OF 3 - Get Flat 10% discount on Every third transaction (Maximum Rs.100 cashback is applicable)
49120,Intex Aqua Fish Smart Phone for Rs.5449 only
49121,Upto 80% Discount + Extra 10% Discount on Home Gym Accessories
49122,Avail Up To 36% Discount on Himalaya Baby Lotion And Cream
49123,IKall K11 Multimedia Mobile With Manufacturer Warranty for Rs.379 only
49124,Get 50% discount + Additional 20% discount on womens Handbags
49125,Get Up to 68% Discount on Multi Chopper Vegetable Cutter Fruit Slicer Dicer
49126,Get Flat 41% discount on Amkette Nirvana Wired Headset
49127,Avail 76% OFF on Stretchable Jeggings
49128,60% off on Nexa White Sports Shoes
49129,70% OFF on Motorbike Cycle Mobile Holderbike
49130,Avail Flat 70% off on Multi Purpose Foldable Storage Stool
49131,78% discount on Vox Portable 2600mAh USB Power Bank
49132,Get 78% OFF on Front Roller Sunshade For Car
49133,Deals Of The Day on products listed at landing page
49134,10% discount on all products (On minimum purchase of Rs.10000. For American Express Cards users only. Maximum Rs.1250 discount will be offered)
49135,Micromax Canvas Unit 4 Pro for just Rs.7499
49136,Xiaomi Mi5 just for Rs.24999
49137,2016 Fashion Sale - Get Up to 80% Discount on Women's Apparels
49138,Monsoon Sale - Upto 60% Off on Automotive Accessories
49139,Lenovo Ideapad just Rs.22999
49140,"Monsoon Sale - Up to 80% Off on Sports, Fitness And Outdoor Gear Products"
49141,20% Discount on Beauty Services
49142,3 And 6 Month EMI at No Extra Cost on Payment via Citi Credit Cards only
49143,Avail Extra 20% OFF on Women's Footwear
49144,Get Up To 50% off + Additional 15% off on latest Top & Dresses
49145,Up To 60% discount on Designer Jewellery For Women
49146,Get Up to 50% OFF on Men's And Women's Fashion Accessories And Jewellery
49147,Strings Of Love For Every Brother And Sister - RAKHI COLLECTION Starting @ Rs.99
49148,Rs.300 ecash at Yatra on one Way Domestic Flights of Rs.8000+
49149,Get Flat 10% Discount + Extra 5% Discount on Bus Bookings (Extra %% Off on Yatra App)
49150,Get Up To 30% off on International Flights (Not on Infant and group bookings)
49151,"Domestic one-way fares Starts at just Rs.1005 (Traveling Between August 9, 2016 To September 30, 2016)"
49152,Exclusive Summer Package on Dusit Devarana Hotel
49153,The Go Bonkers Sale - Get 2 Gorgeous Bras just @ Rs.1299
49154,Get Special Offer on Beauty Services
49155,Minimum Order of Biryani 5kg & Above & Get 10% Discounts on Delivery Order only
49156,Minimum Bill of Rs. 500/- & Above & Get 20% Discounts on Beauty Services 
49157,Flat 20% Discounts on Mens & Ladies Wear
49158,"Flat 10% off on Suiting, Shirting, and Saries "
49159,Flat 10% OFF on Mens & Womens Wear
49160,Upto 20% Discount on all types of Godrej Door Locks
49161,discount upto 50% on optics
49162,discount upto 50% on optics
49163,Upto 50% OFF on Eyewear
49164,Flat 10% Discounts on all types of Sarees
49165,"Offers Buy 2 Get 1, Buy 5 Get 3, & Buy 10 Get 10 Offers Only for Available On Shop Only"
49166,Get best prices and heavy discounts on your purchase
49167,Get 5% Discount on Min. Food Orders of Rs.500/- & above
49168,Minimum Orders of Rs 50000/- & Get Flat 20% Discounts (Modular Kitchen Work)
49169,Flat 10% Discounts on LED Products 
49170,Get 5% Discount on Min. Food Orders of Rs.500/- & above (From 7pm To 23:30pm)
49171,Flat 25% Discounts on Imported Wallpaper 
49172,Get 10% Discount on Min. Food Orders of Rs.500/- & above (Parcel & Home Delivery)
49173,Yearly Package Inclusive GYM+CARDIO for just Rs.7500/-
49174,Get 5% Off on Minimum Food Order of Rs.1000/- & above
49175,"Flat 10% Discount on Western Outfits, Beauty & Cosmetic Products "
49176,Get 10% Discount on Min. Food Orders of Rs.1000/- & above
49177,10% - 50% OFF on all types of Home Appliances
49178,Get 5% Discount on Min. Orders of Rs.1000/- & above
49179,Get 1 Ltr. Soft Drink Free on Minimum Bill of Rs. 1000/- Offer Valid Only for Delivery & Takeaway orders only
49180,Get 1 Ltr. Soft Drink Free on Minimum Orders Of Rs. 1000/- (Parcel & Home Delivery)
49181,Get 500 ml Cold Drink Free on Min. Bill of Rs.500 & above
49182,Flat 45% Off + 1 Month Personal Training Free (Yearly Package)
49183,10% discount on Patanjali Products
49184,Women's Apparels Maximum Rs.1000
49185,Men's Clothing All products under Rs.1000
49186,Buy 1 Get 1 Free on Apparels For Women
49187,Buy 1 Get 1 Free on Men's Apparel
49188,Flat Rs.100 Off on Order Of Rs.1295
49189,Flat Rs.300 discount on Order Of Rs.2995
49190,Get Flat Rs.200 discount on Order Of Rs.1995
49191,Flat Rs.400 Off on Order Of Rs.3995
49192,Lucky Size Sale - Up to 60% Off on Sports Footwear
49193,Sign Up Offer - Flat 15% OFF on all products
49194,Sports Footwear Starting from Rs.3799
49195,Avail Rs.800 cash-back on Domestic Flight Bookings For Kotak Bank Cards
49196,Consumer Electronic Deals Free Shiping on International Mobile Accessories And Camera  Accessories
49197,"Get Upto 60% Discount on International Essential, Appliance, Tools And More"
49198,Coolpad Note3 plus just at Rs.8499
49199,Fashion Sale - Get Up to 60% OFF on Men Women And Kids Fashion Apparel's And More
49200,Harry Potter and the Cursed Child - Parts I & II Rs.580 only
49201,Subscribe And Save - Up To 10% discount on Diet & Nutrition Products
49202,End Of Season Sale - Avail Upto 60% off on Home Furnishing Products
49203,Get 25% off on Best Selling Toys And Games
49204,Computer Components Starting at Rs.1000
49205,Super Value Day - Upto Rs.900 off on products listed at landing page
49206,"Rs.750 OFF on Order Of Rs.1,499"
49207,"10% discount on Order Of Rs.1,499"
49208,Rs.500 Off on Order Of Rs.999
49209,Avail Up To 40% Discount on Women's Jeans
49210,Get Up To 55% off on Women's Shorts & Skirt
49211,Get Up To 60% OFF on Men's Track Pants
49212,Up To 60% discount on Women's Swimwear
49213,Get Up To 60% off on Women's Track Pants
49214,Upto 40% discount on Women's Fashion Tops
49215,"Avail Up To 60% Off on Men Apparels (On cart-value of min. Rs.1,995)"
49216,"Up To 60% off on Women Apparels (On spending min. Rs.1,995)"
49217,Get Flat 70% OFF on Home Decor Products
49218,Get 70% off on Clothing
49219,Get Up to 30% off on Men's T-Shirts
49220,Avail Flat 55% OFF on Order Of Rs.1499
49221,Avail Flat 59% Off on Orders Of Rs.1499
49222,"Avail Flat Rs.1000 off on Order Of Rs.1,999"
49223,Get Up to 45% off on Men's Casual Trouser
49224,Flat 70% off on Set Of 4 3D Printed Double Bedsheet with 2 Pillow Covers
49225,63% Off on Fidato Combo of Women's Accessories
49226,"Get Flat 35% discount on Samsung, Lenovo, Oppo, Micromax And More Smart Phones"
49227,"Get Flat 68% OFF on Urban Style Combo of Multicolour Cotton Double Bedsheet with 2 Pillow Covers, Mobile Phone & Fidato Couple Watch"
49228,Flat 24% Discount on Pureit Classic 14 Litre Water Purifier
49229,Flat 60% OFF on Combo Of Foldable Wardrobe And Shoe Rack
49230,Get 50% discount on Footwear
49231,Ready To Eat Meals And Desserts Starts for just Rs.79
49232,Get Upto 30% off on products listed at landing page
49233,Get Upto 30% Off on Tea And Coffee
49234,"Big Save - Avail 4% off on all products (Max. 12 times per user. Maximum Rs.500 discount. Not on Oils & Ghee, Baby Foods, Feeding bottles, Aashirvaad and Pillsbury Atta, Amul & Waghbakri)"
49235,"Widest Range Of Groceries on Rice, Dals aAnd Pulses, Spices And More"
49236,Get Flat 30% off on Wordpress Hosting
49237,The Pay Day Sale - Avail 6% Off on Diamond Jewellery (On shopping of min. Rs.10000)
49238,Pretty Flowers Starting from just Rs.499
49239,"MyWallet Weekdays - Flat 50% Cash-Back on Booking movie tickets (On Payment via MyWallet only. only on Monday, Tuesday, Wednesday, Thursday. Max. discount of Rs.60 will be offered)"
49240,Up To 21% OFF on Traditional Silk Saree
49241,Get Up To 30% Discount on Necklace
49242,Up To 30% off on Earrings
49243,Bridal Wear Lehenga Starts at just Rs.2307
49244,Avail Up To 50% off on Sarees & Ethnic Wear
49245,Get Flat Rs.250 Off on Min. Purchases of Rs.1249
49246,Get Rs.400 off on Min. Purchases of Rs.1999
49247,Get Rs.150 OFF on Min. Purchases of Rs.999
49248,Flat Rs.700 Instant Cash back on Domestic Roundtrip flights (On Payment via SimplyCLICK SBI Credit/Debit Cards only)
49249,Up to Rs.1300 Cash Back on Business Hotel Bookings (max. Rs.1300/- on Mobile App)
49250,"Avail Upto Rs.2000 Off on Activities, Domestic/ International Roundtrip Flights & Hotels (OFFER ON Every Tuesday. on Payment via American Express Credit/Debit Cards only)"
49251,2 Padded Bras just for Rs.499
49252,Latest Ethnic Fashion Starting from just Rs.399
49253,Deal Of The Day - Get Additional 10% off on Panasonic 81 CM HD Ready LED
49254,Get Up to Rs.23000 OFF on MacBook Laptop
49255,Samsung Galaxy J Max Rs.13400 only
49256,"8 Lucky Customers Win Car on Washing Machine, Air Fryers And More"
49257,Fabulous Deals - Men's Grooming And Health Products Starts at just Rs.205
49258,Up To 8% OFF on all products (On purchase of Rs.300 and above. Maximum Rs.2000 discount)
49259,"Upto 60% Off on Aeropostale Men's Apparels, Accessories, Watches And More"
49260,"Get Up To 60% off on Abercrombie & Fitch Men's Clothing, Shoes And More"
49261,"Clearance Sale - Get Extra 50% OFF on Brande Men's Clothing, Footwear, Accessories And More"
49262,"Upto 60% OFF on Men's clothing, accessories & shoes"
49263,"Up to 60% Off on Women's clothing, bags & accessories"
49264,Avail Up To Rs.275 off on All Bus Bookings
49265,"Middle East Sale - Get Up to 45% discount on Hotel Booking At Dubai, Abu Dhabi And Turkey (Travelling Between 1 Aug, 2016 To 30 Sep, 2016)"
49266,Goa Sale - Get Up to 40% off on Hotel Booking
49267,"Asia Hotel Booking - Up to 50% Off on Hotel Booking At Thailand, Singapore, Malaysia, Indonesia And Hong Kong (Travelling Between 1 Aug, 2016 To 30 Sep, 2016)"
49268,"Beach Holiday Sale - Get Up To 40% OFF on Hotel Booking At Goa, Sri Lanks, Thailand, Maldives, Greece And More (Travelling Between 1 Aug, 2016 To 30 Sep, 2016)"
49269,"Explore Europe Sale - Get Up To 30% off on Hotel Booking At London, Amsterdam, France, Italy, Germany, Switzerland And More Place (Travelling Between 1 Aug, 2016 To 30 Sep, 2016)"
49270,"Seasonal Sale - Get Upto 40% discount on Delhi, Agra, Jaipur, Shimla And More Destinations Hotels Booking (Travelling Between 1st Aug, 2016 To 30th Sep, 2016)"
49271,"The Great American Adventure Sale - Get Up To 35% off on New York, New Jersey, Miami, Chicago, Las Vegas, Los Angeles And More Destination Hotel Booking (Travelling Between 1st Aug, 2016 To 30th Sep, 2016)"
49272,"Business city Sale - Get Upto 40% Off on Hotel Booking At Delhi, Mumbai, Bangalore, Chennai And More (Travelling Between 1 Aug, 2016 To 30 Sep, 2016)"
49273,"Thailand Hotel Sale - Get Up to 60% Off on Bankok, Phuket, Pattaya, Koh Samui And More Destination Hotel Booking (Travelling Between 1 Aug, 2016 30 Sep, 2016)"
49274,Blindfold Sale - Get Up to 50% OFF + Additional 5% cash back on products listed at landing page (On Payment via ICICI Credit/Debit Cards only. Max. Rs.1500 cashback)
49275,Tunics For Women Starting at Rs.325
49276,Beautiful Bedsheets Starts from Rs.383 only
49277,Tableware Items Starts from Rs.70 only
49278,Cushion Covers Rs.79 onwards
49279,Monsoon Sale - Additional 20% Off on Furniture And Decor Products
49280,Floor Lamps Starting @ Rs.1109 only
49281,Coffee Table Starting from Rs.2249
49282,Wardrobe Offer Starts for just Rs.6190
49283,Kitchen Cabinets And Sideboards Starts @ just Rs.5470
49284,Home Appliance Products Starting @ Rs.211 only
49285,Kitchen Storage Products Everything below Rs.499
49286,Beds Offer Starting at Rs.4221 only
49287,Monsoon Sale - SOFAS & SECTIONALS Starting at Rs.4148
49288,Get Flat 30% off on Three Seater Sofas
49289,Luxurious Bed And Bath Linen Starting for just Rs.49
49290,Get Up To 55% Discount on Mattresses And Accessories
49291,Up to 65% discount on Kitchen And Tableware
49292,Dining Table Set Starts from just Rs.9860
49293,Table Linen Items Starts @ Rs.67 only
49294,Up To 58% Off + Extra 20% Off on Pristine Charm-Contemporary Bedroom Design
49295,Curtains And Accessories Starting @ Rs.177
49296,Area Rugs Starting at Rs.227 only
49297,Flat Rs.500 OFF on Domestic Hotel Bookings
49298,Women's Metal Neckless Starts for just Rs.290
49299,Get Flat 60% Discount + Extra 15% Discount on Smith & Co. Men's Apparels
49300,"Get 25% off + Additional 40% Cash-back on Apparel, Footwear & Accessories (Max. once per user. Max. Rs.400 cashback can be availed)"
49301,"Breast Feeding Week - Get Flat 20% Off on Breast Feeding products (Max. once per user. Not on Combos, Bottle & Accessories and Formula & Supplements and Few brands)"
49302,"Extra 5% off on all products (Only on Mobile App. Maximum discount of Rs.2000 will be offered. Not on Combos, Formula & Supplements, Bottles & Accessories and Few brands)"
49303,"Rs.500 OFF on order-value of min. Rs.2000 (Max. once per user. Not on Diapers, Combos, Bottles & Accessories and Formula & Supplements and Few brands)"
49304,"Get 25% Discount on All Diapers (Max. once per user. Max. Rs.250 cashback will be applied. Not on Diapers, Combos, Bottles & Accessories and Formula & supplements and brands)"
49305,Avail Up to 50% discount + Additional 10% discount on All Diapers
49306,Rs.800 Discount on all products (On min. order of Rs.3500)
49307,Get Flat Rs.750 off on all products (On shopping of min. Rs.3000)
49308,Flat Rs.666 discount on spending min. Rs.2222
49309,Get Rs.500 OFF on all products (On min. purchase of Rs.1699)
49310,Get Up To 15% Off on All Products
49311,Up To 15% OFF on Flower & Cakes
49312,"Branded T-Shirts, Shirts And More Starting at Rs.249 only"
49313,Intex Cloud String v2 Smart Phone at Rs.6499 only
49314,Top Brand Men's Clothing Starts from just Rs.172
49315,"Bedsheets, Curtains & More All products under Rs.549"
49316,"Extra 20% Off on Nivea, Fogg, Maybelline And More Bodycare Products"
49317,SAMSUNG Evo Plus 32 GB MicroSDHC Memory Card just for Rs.549
49318,Additional 15% Discount on Glassware and Coffee Mugs
49319,Women's Sarees Maximum Rs.599
49320,"Avail Flat 40% discount on Branded Hand Bags, Wallets And Belts"
49321,Washing Machines Max. price of Rs.15000
49322,Big Screen Televisions Starting from Rs.23990 only
49323,"Get Up To 70% OFF on Tops, Dresses, Kurtas And More"
49324,DSLR Cameras And Lenses Starts at Rs.6198
49325,HP Laser Jet MFP Printer Starting for just Rs.10935
49326,"Hobby Hub Store on Photography, Gaming And Book Reading And more"
49327,LeEco 2 Smart Phone for just Rs.11999
49328,"The Harry Potter Store on Harry Potter Books, Movies And More"
49329,Infocus Bingo 10 Smart Phone at Rs.4499 only
49330,Chance To Win Meet Virat Kolhi - Virat FanBox Moto G Turbo Virat Kohli just Rs.14997
49331,Exciting Deals - Get Rs.1500 off on Samsung Galaxy Smart Phones
49332,Get Flat 40% Discount on Men's Footwear
49333,Women's Slippers & Flipflops Maximum Rs.399
49334,"Best Of Electronic Accessories on Memory Card, Pen Drive, Power Bank And More"
49335,Samsung Galaxy J Max just at Rs.13400
49336,Lenovo Vibe K5 Plus just @ Rs.8499
49337,Swipe Elite Plus just at Rs.6999
49338,Lenovo Killer Note 5 Starting for just Rs.11999
49339,Micromax Canvas Evok at just Rs.8499
49340,Samsung Galaxy J5 6 at just Rs.12990
49341,Get Upto 70% Discount on Furniture
49342,Rakhi With Chocolates Starts for Rs.399
49343,Rakhi For Brother Starts for Rs.199 only
49344,Buy One Get One Free on Pizzas From Papa John's
49345,Get Flat 40% off on online Food Order (New User)
49346,Get 15% Cash-Back on Payment via paytm wallet
49347,Buy One Get One Free on Pizza
49348,15% Discount on all products
49349,Get Flat 45% Cash Back on Recharge And Bill payment (Only on new registrations. Maximum Rs.45 cashback will be offered. Not on Airtel transactions ( Postpaid/ Prepaid/ DTH/Landline))
49350,Get Up To 55% Off on Home Appliances
49351,Avail Up To 50% Off on Handbags & Slingbags
49352,"Titan Watches For Women Starts for Rs.1,495"
49353,Up To 25% Off on Printed Cushions & Throws
49354,Chocolates & Candy Starts for Rs.50 only
49355,Flowers & Indoor Plants Rs.438 onwards
49356,"Hookah Offer Starting @ just Rs.1,499"
49357,Get Up To 40% Off on Mementos
49358,Photo Posters Starting at Rs.199
49359,Get Up To 25% discount on Women's Fragrances
49360,Up To 50% OFF on Men's Jewellery
49361,Voice Greeting Cards Starting from just Rs.249
49362,Photo Mugs Starting @ Rs.249 only
49363,Party Games & Accessories Starts @ just Rs.149
49364,Earn Rs.1000 goCash on Referring friends for signup
49365,FREE Cancellation - 100% Refund in 1 hour Promise on Hotels (Max. 5 times per user)
49366,Get Extra Rs.100 Off on all products (On minimum shopping of Rs.599)
49367,Avail Additional 10% Off on online Payments
49368,Get 25% off on Whey Protein
49369,Avail Upto 35% Discount on Whey Protein Isolate
49370,Get Upto 30% OFF on Protein Shakes
49371,Get Up To 40% OFF on Meal Replacement
49372,Avail 30% OFF on Healthviva hair with biotin
49373,Get Up To 67% OFF on Green Coffww Bean
49374,Pack Of 3 Meghsons Jamun Chips at Rs.840 only
49375,Embroidered Suit By Zoha at Rs.799 only
49376,Kids Easy Breezy Casual Set Maximum Rs.699 (On spending Rs.1100 and above. Max. once per user. Max. discount of Rs.400)
49377,Avail 40% off on Java Hosting
49378,Flat 40% discount on VPS Hosting Plans
49379,49% Off on Walt Shoe Cabinet Wenge
49380,55% OFF on Calino Bedroom Sets
49381,Free Head Massage on Orders of Rs.299
49382,Get Flat Rs.200 discount on Any Service (Min. Purchase of  Rs.499)
49383,"Samsung Galaxy Tab just @ Rs.15,576"
49384,Raksha Bandhan Gifts on products listed at landing page
49385,Get Up To 70% Off on Sportswear
49386,Avail 20% OFF on all products
49387,Buy 2 Get 20% Free on Jack & Jones Apparels
49388,"Up To 70% off on Women Apparels, Accessories and More"
49389,Free Colorbar Nail paint on ColorBar Nail Paints (On min. cart-value of Rs.1099)
49390,Get Up To 74% discount on Seat Covers For Bike
49391,Up To 80% off on Stylish Mirror Covers For Car
49392,Get Up To 8% Off on Helmets
49393,Avail Up To 60% off on Saddle Bag For Bike
49394,Avail Up To 48% Off on Bike Rider Jackets
49395,Avail Up To 22% discount on Bike Riding Gloves
49396,70% discount on Speedwav Easy View HD Day and Night Anti-Glare Visor
49397,63% Discount on Floor Mat For Car
49398,Avail Flat 74% Off on Speedwav Portable High Pressure Automatic Car Washer
49399,Car Perfume Starts @ Rs.150
49400,Upto 80% Off + Extra 15% Off on Min. Purchase of Rs.999
49401,Avail Up to 80% OFF + Additional 20% OFF on Min. Purchase of Rs.1499
49402,"Designer Bridal Lehengas Starts from Rs.29,340"
49403,Women's Ethnic Wear at just Rs.1499
49404,Get Extra Rs.200 discount on Contact Lenses (On shopping of min. Rs.1198. Rs.400 Off on Purchase of Rs.2400+)
49405,products listed at landing page just for Rs.999
49406,Free Soft Serve/Small Flurry on medium/large meal
49407,Free Any Meal on cart-value of Rs.369 and above
49408,Avail Up To 50% off on Footwear
49409,Avail Rs.30 Discount on Add Money of Rs.70+ (On min. order-value of Rs.70. For New users only)
49410,Eggless Fruit Cakes Starts at just Rs.850
49411,Kids Cakes at just Rs.1299
49412,Get 10% Discount on Domestic Flight Bookings For Kotak Bank Customers
49413,Get 5% discount on International Flight Bookings For Kotak Bank Customers
49414,Buy 1 Get 2 Free on Women's Bags
49415,Avail Up To 70% Discount on Men's Footwear
49416,Get Rs.400 OFF on Your First Order
49417,Get Up To 70% Off on Women's Clothing
49418,Get Flat 70% OFF on Women's Apparels & Accessories
49419,Avail Up To 50% OFF on Bata Footwear
49420,Avail Up To 60% OFF on Nike Sportswear
49421,Get 60% Discount on Spykar Jeans For Men
49422,Up To 60% off on Designer Sarees
49423,Buy One Get One Free on Men's Footwear
49424,Buy One Get Two Free on Men's Footwear
49425,Buy 1 Get 1 Free on Men's Footwear
49426,Buy 1 Get 2 Free on Men's Clothing
49427,Buy One Get Two Free on Men's Clothing
49428,Fresh Fruits & Vegetables just @ Rs.5
49429,Groceries And Staples at just Rs.12
49430,Get Rs.500 Off on one Way & Return Trip Bookings
49431,"Complete Car Maintenance Combo for just Rs.2,999"
49432,Up To 50% off on Rakhi With Gifts
49433,Get Up To 40% Discount on Women's Personal Care Products
49434,Up To 35% Discount on Men's Personal Care Products
49435,Up To 50% Discount on L'Oreal Paris Color Riche Lipsticks
49436,Sunglass + Wallet + LED Silicon Watch Combo just at Rs.169
49437,Set Of 2 Combination Resetable Pad Lock just at Rs.99
49438,Combo Of Bike Cover + Biker Rain Suit at just Rs.299
49439,Flat 20% Discount on Hotel Bookings
49440,25% Discount on Hotel Booking Across India
49441,Women's Sarees & Suits Starts for just Rs.400
49442,The Happy Independence Sale - Get Flat 50% Off on all products
49443,Buy 1 Pizza Get 1 Free on Pizza
49444,Any 2 Medium or Personal Pan Pizza for just Rs.199
49445,Flat 40% off on Entire Store
49446,"Buy One Get One Free on Women's Bras, Panties And More"
49447,"End Of Season Sale - Avail Min. 40% OFF on Women's Lingerie, Nightwear And More"
49448,30% Discount on purchase of any 2 products from Activewear/ Workout collection
49449,Lowest Prices on Letterheads -  Offer Starting from Rs.4.5 for A4 Sized Letter Head
49450,Flat 12% Off on Credit Card Pen Drives
49451,Avail 5% discount on Personalised GIfts
49452,Avail Flat 20% Off on All School Stationary Products
49453,Get 20% discount on All Gifting Products
49454,Free Shipping - Get Upto 57% OFF on products listed at landing page
49455,Get Up to 10% OFF on MERIT VCO Coconut Oil
49456,David discount Perfumes Starts at Rs.535 only
49457,Get Flat 35% off on Anna Andre Products
49458,Colored Talons - Nail Paint Starts for Rs.72
49459,Get Upto 40% Discount on Soulflower Body Care Products
49460,Get Up To 54% discount on Victoria's Secret Products
49461,Get Up To 15% off on Tresemme Haircare Products
49462,Get Up to 77% Off on Jaguar Fragrance Products
49463,Get Up To 30% Off on Schwarzkopf Products
49464,Get Up to 213% off on Dove Products
49465,Avail Up to 25% OFF on Nyassa Body and Skin Care
49466,Get Flat Rs.120 Discount + Extra Rs.50 Cash-back on Min. Booking of Rs.400 (Upto Rs.50 Cashback on Payment Freecharge Wallet)
49467,JBL Audio Offers on products listed at landing page
49468,Watches Offer Everything below Rs.500
49469,Necklace Sets Starting at just Rs.72
49470,Flat Rs.200 off on Min. Purchase of Rs.999
49471,Avail Extra 12% OFF on Mobile & Tablets
49472,Flat Rs.300 off on Min. Purchase of Rs.999
49473,Avail Rs.100 Off on Min. Purchase of Rs.599
49474,"Rs.200 Discount on Min. Purchase of Rs.1,099"
49475,Avail Additional 12% discount on all products
49476,Maha Electronic Sale - Flat Rs.100 cashback on Electronic Products (On orders using PayZapp wallet only)
49477,Maha Electronic Sale - Get Upto 80% Discount + Extra 5% Cash back on Electronic Products (Extra Off on Payment via HDFC Credit Cards only)
49478,"Weekend Fashion Rush - Get Up To 80% discount on Fashion Apparels, Fashion Accessories And More"
49479,Get Flat 51% OFF on Luxury Perfumes @ The Fragrance Boutique
49480,Avail 23% OFF on Lenovo Ideapad
49481,Avail 30% off on Voltas 1.5 Ton 3 Star Split Air Conditioner
49482,20% off on Suntek Series 7 32 INCHES HD Ready LED TV
49483,Get Up to 86% OFF on K Decor Carpet
49484,Crop Top For Women Starting @ Rs.79 only
49485,Avail 50% discount on Women's Tunic Top
49486,Rompers & Jumpsuits For Women Starts at Rs.384
49487,Pick Any 3 Women's Apparels just at Rs.999
49488,Play Suit Collections For Women Starting @ Rs.599
49489,The Club Diva Apparels Starting @ just Rs.799
49490,Get Up To 50% discount on Lee Men's Clothing
49491,Free 2 Movie Tickets on Rakhis and Gifts
49492,Delight Sale - Up To 51% Off on products listed at landing page
49493,Get Flat 30% off on Self-Paced Learning And Master Courses
49494,Get Flat 15% OFF on Classroom Flexi Pass Courses
